repcountry,parcountry,year,repgwno,pargwno,repccode,repifscode,repifs,repgwabbrev,parccode,parifscode,parifs,pargwabbrev,positionIN_CDIS,positionOUT_CDIS,FDIflowOUT_FDI_OECD,FDIflowIN_FDI_OECD,FDIposOUT_FDI_OECD,FDIposIN_FDI_OECD,posOUT_FDI_BEA,posIN_FDI_BEA,migstock_MIG_UN,total_MIG,male_MIG,female_MIG,refugees_REF,asylum_REF,returned_REF,naturalize_nat_OECD,asylum_in_nat_OECD,mig_in_nat_OECD,mig_out_nat_OECD,labor_stock_nat_OECD,mig_stock_nat_OECD,labor_stock_bir_OECD,mig_stock_bir_OECD,FLOW_TH,treatytotalN_BLA,treatyruntotalN_BLA,signed_PTA,todate_PTA,inforce_PTA,signed_BIT,todate_BIT,inforce_BIT,defense_ALL,neutrality_ALL,nonaggression_ALL,entente_ALL,mid_MID,count_MID,host_MID,war_MID,war_WAR,rep_init_WAR,joiner_WAR,count_IGO,prop_IGO,ideal1_UNV,ideal2_UNV,absidealdiff_UNV,s2un_UNV,s3un_UNV,agree2un_UNV,agree3un_UNV,comlang_off_CEPII,comlang_ethno_CEPII,colony_CEPII,comcol_CEPII,dist_CEPII,distcap_CEPII,distw_CEPII,distwces_CEPII
"United States of America",China,1945,2,710,2,111,USA,USA,710,924,CHN,CHN,NA,NA,NA,NA,NA,NA,NA,NA,NA,NA,NA,NA,NA,NA,NA,NA,NA,NA,NA,NA,NA,NA,NA,26794798,0,0,NA,NA,NA,NA,NA,NA,0,0,0,0,0,0,0,0,0,0,0,8,0.121212121212121,NA,NA,NA,NA,NA,NA,NA,0,0,0,0,10993.68,11159.25,11183.4,11099.8
"United States of America",China,1946,2,710,2,111,USA,USA,710,924,CHN,CHN,NA,NA,NA,NA,NA,NA,NA,NA,NA,NA,NA,NA,NA,NA,NA,NA,NA,NA,NA,NA,NA,NA,NA,115320000,0,0,NA,NA,NA,NA,NA,NA,0,0,0,0,0,0,0,0,0,0,0,NA,NA,NA,NA,NA,NA,NA,NA,NA,0,0,0,0,10993.68,11159.25,11183.4,11099.8
"United States of America",China,1947,2,710,2,111,USA,USA,710,924,CHN,CHN,NA,NA,NA,NA,NA,NA,NA,NA,NA,NA,NA,NA,NA,NA,NA,NA,NA,NA,NA,NA,NA,NA,NA,87614600,0,0,NA,NA,NA,NA,NA,NA,0,0,0,0,0,0,0,0,0,0,0,NA,NA,NA,NA,NA,NA,NA,NA,NA,0,0,0,0,10993.68,11159.25,11183.4,11099.8
"United States of America",China,1948,2,710,2,111,USA,USA,710,924,CHN,CHN,NA,NA,NA,NA,NA,NA,NA,NA,NA,NA,NA,NA,NA,NA,NA,NA,NA,NA,NA,NA,NA,NA,NA,67741944,0,0,0,0,0,NA,NA,NA,0,0,0,0,0,0,0,0,0,0,0,NA,NA,NA,NA,NA,NA,NA,NA,NA,0,0,0,0,10993.68,11159.25,11183.4,11099.8
"United States of America",China,1949,2,710,2,111,USA,USA,710,924,CHN,CHN,NA,NA,NA,NA,NA,NA,NA,NA,NA,NA,NA,NA,NA,NA,NA,NA,NA,NA,NA,NA,NA,NA,NA,36534632,0,0,0,0,0,NA,NA,NA,0,0,0,0,1,1,4,0,0,0,0,NA,NA,NA,NA,NA,NA,NA,NA,NA,0,0,0,0,10993.68,11159.25,11183.4,11099.8
"United States of America",China,1950,2,710,2,111,USA,USA,710,924,CHN,CHN,NA,NA,NA,NA,NA,NA,NA,NA,NA,NA,NA,NA,NA,NA,NA,NA,NA,NA,NA,NA,NA,NA,NA,24285724,0,0,0,0,0,NA,NA,NA,0,0,0,0,1,3,5,1,1,0,0,1,0.0105263157894737,NA,NA,NA,NA,NA,NA,NA,0,0,0,0,10993.68,11159.25,11183.4,11099.8
"United States of America",China,1951,2,710,2,111,USA,USA,710,924,CHN,CHN,NA,NA,NA,NA,NA,NA,NA,NA,NA,NA,NA,NA,NA,NA,NA,NA,NA,NA,NA,NA,NA,NA,NA,178571.5,0,0,0,0,0,NA,NA,NA,0,0,0,0,1,2,5,1,1,0,0,NA,NA,NA,NA,NA,NA,NA,NA,NA,0,0,0,0,10993.68,11159.25,11183.4,11099.8
"United States of America",China,1952,2,710,2,111,USA,USA,710,924,CHN,CHN,NA,NA,NA,NA,NA,NA,NA,NA,NA,NA,NA,NA,NA,NA,NA,NA,NA,NA,NA,NA,NA,NA,NA,0,0,0,0,0,0,NA,NA,NA,0,0,0,0,1,2,5,1,1,0,0,NA,NA,NA,NA,NA,NA,NA,NA,NA,0,0,0,0,10993.68,11159.25,11183.4,11099.8
"United States of America",China,1953,2,710,2,111,USA,USA,710,924,CHN,CHN,NA,NA,NA,NA,NA,NA,NA,NA,NA,NA,NA,NA,NA,NA,NA,NA,NA,NA,NA,NA,NA,NA,NA,0,0,0,0,0,0,NA,NA,NA,0,0,0,0,1,3,5,1,1,0,0,NA,NA,NA,NA,NA,NA,NA,NA,NA,0,0,0,0,10993.68,11159.25,11183.4,11099.8
"United States of America",China,1954,2,710,2,111,USA,USA,710,924,CHN,CHN,NA,NA,NA,NA,NA,NA,NA,NA,NA,NA,NA,NA,NA,NA,NA,NA,NA,NA,NA,NA,NA,NA,NA,2142858,0,0,0,0,0,NA,NA,NA,0,0,0,0,1,2,4,0,0,0,0,NA,NA,NA,NA,NA,NA,NA,NA,NA,0,0,0,0,10993.68,11159.25,11183.4,11099.8
"United States of America",China,1955,2,710,2,111,USA,USA,710,924,CHN,CHN,NA,NA,NA,NA,NA,NA,NA,NA,NA,NA,NA,NA,NA,NA,NA,NA,NA,NA,NA,NA,NA,NA,NA,1071429,0,0,0,0,0,NA,NA,NA,0,0,0,0,1,2,4,0,0,0,0,2,0.018348623853211,NA,NA,NA,NA,NA,NA,NA,0,0,0,0,10993.68,11159.25,11183.4,11099.8
"United States of America",China,1956,2,710,2,111,USA,USA,710,924,CHN,CHN,NA,NA,NA,NA,NA,NA,NA,NA,NA,NA,NA,NA,NA,NA,NA,NA,NA,NA,NA,NA,NA,NA,NA,0,0,0,0,0,0,NA,NA,NA,0,0,0,0,1,2,4,0,0,0,0,NA,NA,NA,NA,NA,NA,NA,NA,NA,0,0,0,0,10993.68,11159.25,11183.4,11099.8
"United States of America",China,1957,2,710,2,111,USA,USA,710,924,CHN,CHN,NA,NA,NA,NA,NA,NA,NA,NA,NA,NA,NA,NA,NA,NA,NA,NA,NA,NA,NA,NA,NA,NA,NA,3214287.25,0,0,0,0,0,NA,NA,NA,0,0,0,0,1,1,4,0,0,0,0,NA,NA,NA,NA,NA,NA,NA,NA,NA,0,0,0,0,10993.68,11159.25,11183.4,11099.8
"United States of America",China,1958,2,710,2,111,USA,USA,710,924,CHN,CHN,NA,NA,NA,NA,NA,NA,NA,NA,NA,NA,NA,NA,NA,NA,NA,NA,NA,NA,NA,NA,NA,NA,NA,1785715.125,0,0,0,0,0,NA,NA,NA,0,0,0,0,1,1,4,0,0,0,0,NA,NA,NA,NA,NA,NA,NA,NA,NA,0,0,0,0,10993.68,11159.25,11183.4,11099.8
"United States of America",China,1959,2,710,2,111,USA,USA,710,924,CHN,CHN,NA,NA,NA,NA,NA,NA,NA,NA,NA,NA,NA,NA,NA,NA,NA,NA,NA,NA,NA,NA,NA,NA,NA,1071429,0,0,0,0,0,0,0,0,0,0,0,0,0,0,0,0,0,0,0,NA,NA,NA,NA,NA,NA,NA,NA,NA,0,0,0,0,10993.68,11159.25,11183.4,11099.8
"United States of America",China,1960,2,710,2,111,USA,USA,710,924,CHN,CHN,NA,NA,NA,NA,NA,NA,NA,NA,NA,155086,114352.666666667,37961.3333333333,NA,NA,NA,NA,NA,NA,NA,NA,NA,NA,NA,0,0,0,0,0,0,0,0,0,0,0,0,0,1,1,3,0,0,0,0,11,0.0797101449275362,NA,NA,NA,NA,NA,NA,NA,0,0,0,0,10993.68,11159.25,11183.4,11099.8
"United States of America",China,1961,2,710,2,111,USA,USA,710,924,CHN,CHN,NA,NA,NA,NA,NA,NA,NA,NA,NA,155086,114352.666666667,37961.3333333333,NA,NA,NA,NA,NA,NA,NA,NA,NA,NA,NA,2500001,0,0,0,0,0,0,0,0,0,0,0,0,1,1,3,0,0,0,0,NA,NA,NA,NA,NA,NA,NA,NA,NA,0,0,0,0,10993.68,11159.25,11183.4,11099.8
"United States of America",China,1962,2,710,2,111,USA,USA,710,924,CHN,CHN,NA,NA,NA,NA,NA,NA,NA,NA,NA,155086,114352.666666667,37961.3333333333,NA,NA,NA,NA,NA,NA,NA,NA,NA,NA,NA,8214289.5,0,0,0,0,0,0,0,0,0,1,0,0,1,3,4,0,0,0,0,NA,NA,NA,NA,NA,NA,NA,NA,NA,0,0,0,0,10993.68,11159.25,11183.4,11099.8
"United States of America",China,1963,2,710,2,111,USA,USA,710,924,CHN,CHN,NA,NA,NA,NA,NA,NA,NA,NA,NA,155086,114352.666666667,37961.3333333333,NA,NA,NA,NA,NA,NA,NA,NA,NA,NA,NA,1428572,0,0,0,0,0,0,0,0,0,1,0,0,1,1,3,0,0,0,0,NA,NA,NA,NA,NA,NA,NA,NA,NA,0,0,0,0,10993.68,11159.25,11183.4,11099.8
"United States of America",China,1964,2,710,2,111,USA,USA,710,924,CHN,CHN,NA,NA,NA,NA,NA,NA,NA,NA,NA,155086,114352.666666667,37961.3333333333,NA,NA,NA,NA,NA,NA,NA,NA,NA,NA,NA,1071429,0,0,0,0,0,0,0,0,0,1,0,0,1,2,4,0,0,0,0,NA,NA,NA,NA,NA,NA,NA,NA,NA,0,0,0,0,10993.68,11159.25,11183.4,11099.8
"United States of America",China,1965,2,710,2,111,USA,USA,710,924,CHN,CHN,NA,NA,NA,NA,NA,NA,NA,NA,NA,4674,1936.66666666667,6294.33333333333,NA,NA,NA,NA,NA,NA,NA,NA,NA,NA,NA,178571.5,0,0,0,0,0,0,0,0,0,0,0,0,1,4,4,0,0,0,0,16,0.096969696969697,NA,NA,NA,NA,NA,NA,NA,0,0,0,0,10993.68,11159.25,11183.4,11099.8
"United States of America",China,1966,2,710,2,111,USA,USA,710,924,CHN,CHN,NA,NA,NA,NA,NA,NA,NA,NA,NA,4674,1936.66666666667,6294.33333333333,NA,NA,NA,NA,NA,NA,NA,NA,NA,NA,NA,178571.5,0,0,0,0,0,0,0,0,0,0,0,0,1,3,4,0,0,0,0,16,0.0975609756097561,NA,NA,NA,NA,NA,NA,NA,0,0,0,0,10993.68,11159.25,11183.4,11099.8
"United States of America",China,1967,2,710,2,111,USA,USA,710,924,CHN,CHN,NA,NA,NA,NA,NA,NA,NA,NA,NA,4674,1936.66666666667,6294.33333333333,NA,NA,NA,NA,NA,NA,NA,NA,NA,NA,NA,181051.5,0,0,0,0,0,0,0,0,0,0,0,0,1,2,4,0,0,0,0,16,0.0963855421686747,NA,NA,NA,NA,NA,NA,NA,0,0,0,0,10993.68,11159.25,11183.4,11099.8
"United States of America",China,1968,2,710,2,111,USA,USA,710,924,CHN,CHN,NA,NA,NA,NA,NA,NA,NA,NA,NA,4674,1936.66666666667,6294.33333333333,NA,NA,NA,NA,NA,NA,NA,NA,NA,NA,NA,208333.5,0,0,0,0,0,0,0,0,0,0,0,0,1,1,4,0,0,0,0,15,0.0887573964497041,NA,NA,NA,NA,NA,NA,NA,0,0,0,0,10993.68,11159.25,11183.4,11099.8
"United States of America",China,1969,2,710,2,111,USA,USA,710,924,CHN,CHN,NA,NA,NA,NA,NA,NA,NA,NA,NA,4674,1936.66666666667,6294.33333333333,NA,NA,NA,NA,NA,NA,NA,NA,NA,NA,NA,0,0,0,0,0,0,0,0,0,0,0,0,0,1,2,4,0,0,0,0,15,0.0847457627118644,NA,NA,NA,NA,NA,NA,NA,0,0,0,0,10993.68,11159.25,11183.4,11099.8
"United States of America",China,1970,2,710,2,111,USA,USA,710,924,CHN,CHN,NA,NA,NA,NA,NA,NA,NA,NA,NA,143374,99816.3333333333,54533.3333333333,NA,NA,NA,NA,NA,NA,NA,NA,NA,NA,NA,0,0,0,0,0,0,0,0,0,0,0,0,0,1,1,4,0,0,0,0,15,0.0815217391304348,NA,NA,NA,NA,NA,NA,NA,0,0,0,0,10993.68,11159.25,11183.4,11099.8
"United States of America",China,1971,2,710,2,111,USA,USA,710,924,CHN,CHN,NA,NA,NA,NA,NA,NA,NA,NA,NA,143374,99816.3333333333,54533.3333333333,NA,NA,NA,NA,NA,NA,NA,NA,NA,NA,NA,0,0,0,0,0,0,0,0,0,0,0,0,0,1,2,4,0,0,0,0,15,0.0793650793650794,1.805,-0.928,2.733,-0.03704,0,0.48148,0.5,0,0,0,0,10993.68,11159.25,11183.4,11099.8
"United States of America",China,1972,2,710,2,111,USA,USA,710,924,CHN,CHN,NA,NA,NA,NA,NA,NA,NA,NA,NA,143374,99816.3333333333,54533.3333333333,NA,NA,NA,NA,NA,NA,NA,NA,NA,NA,NA,25624960,0,0,0,0,0,0,0,0,0,0,0,0,1,1,4,0,0,0,0,15,0.077319587628866,2.048,-0.823,2.871,-0.02326,0.0122,0.48837,0.5061,0,0,0,0,10993.68,11159.25,11183.4,11099.8
"United States of America",China,1973,2,710,2,111,USA,USA,710,924,CHN,CHN,NA,NA,NA,NA,NA,NA,NA,NA,NA,143374,99816.3333333333,54533.3333333333,NA,NA,NA,NA,NA,NA,NA,NA,NA,NA,NA,281637984,0,0,0,0,0,0,0,0,0,0,0,0,0,0,0,0,0,0,0,15,0.0742574257425743,2.215,-0.733,2.948,-0.33333,-0.16438,0.33333,0.41781,0,0,0,0,10993.68,11159.25,11183.4,11099.8
"United States of America",China,1974,2,710,2,111,USA,USA,710,924,CHN,CHN,NA,NA,NA,NA,NA,NA,NA,NA,NA,143374,99816.3333333333,54533.3333333333,NA,NA,NA,NA,NA,NA,NA,NA,NA,NA,NA,345199104,0,0,0,0,0,0,0,0,0,0,0,0,0,0,0,0,0,0,0,16,0.0761904761904762,2.047,-0.805,2.852,-0.4375,-0.22414,0.28125,0.38793,0,0,0,0,10993.68,11159.25,11183.4,11099.8
"United States of America",China,1975,2,710,2,111,USA,USA,710,924,CHN,CHN,NA,NA,NA,NA,NA,NA,NA,NA,NA,22781.3333333333,7550.33333333333,57555.6666666667,NA,NA,NA,NA,NA,NA,NA,NA,NA,NA,NA,137420464,0,0,0,0,0,0,0,0,0,0,0,0,0,0,0,0,0,0,0,16,0.073394495412844,2.172,-0.506,2.678,-0.33333,-0.16327,0.33333,0.41837,0,0,0,0,10993.68,11159.25,11183.4,11099.8
"United States of America",China,1976,2,710,2,111,USA,USA,710,924,CHN,CHN,NA,NA,NA,NA,NA,NA,NA,NA,NA,22781.3333333333,7550.33333333333,57555.6666666667,NA,NA,NA,NA,NA,NA,NA,NA,NA,NA,NA,75128848,0,0,0,0,0,0,0,0,0,0,0,0,0,0,0,0,0,0,0,16,0.0714285714285714,2.402,-0.919,3.321,-0.51515,-0.25,0.24242,0.375,0,0,0,0,10993.68,11159.25,11183.4,11099.8
"United States of America",China,1977,2,710,2,111,USA,USA,710,924,CHN,CHN,NA,NA,NA,NA,NA,NA,NA,NA,NA,22781.3333333333,7550.33333333333,57555.6666666667,NA,NA,NA,NA,NA,NA,NA,NA,NA,NA,NA,98201488,0,0,0,0,0,0,0,0,0,0,0,0,0,0,0,0,0,0,0,18,0.0775862068965517,2.236,-0.877,3.113,0.10526,0.05882,0.55263,0.52941,0,0,0,0,10993.68,11159.25,11183.4,11099.8
"United States of America",China,1978,2,710,2,111,USA,USA,710,924,CHN,CHN,NA,NA,NA,NA,NA,NA,NA,NA,NA,22781.3333333333,7550.33333333333,57555.6666666667,NA,NA,NA,NA,NA,NA,NA,NA,NA,NA,NA,376057280,0,0,0,0,0,0,0,0,0,0,0,0,0,0,0,0,0,0,0,17,0.0732758620689655,2.234,-0.535,2.769,0,0.01124,0.5,0.50562,0,0,0,0,10993.68,11159.25,11183.4,11099.8
"United States of America",China,1979,2,710,2,111,USA,USA,710,924,CHN,CHN,NA,NA,NA,NA,NA,NA,NA,NA,NA,22781.3333333333,7550.33333333333,57555.6666666667,NA,NA,NA,NA,NA,NA,NA,NA,NA,NA,NA,876651264,0,0,0,0,0,0,0,0,0,0,0,0,0,0,0,0,0,0,0,19,0.0794979079497908,2.3,-0.24,2.54,-0.31148,-0.18182,0.34426,0.40909,0,0,0,0,10993.68,11159.25,11183.4,11099.8
"United States of America",China,1980,2,710,2,111,USA,USA,710,924,CHN,CHN,NA,NA,NA,NA,NA,NA,NA,2,NA,1269.33333333333,15895,9.66666666666667,NA,NA,NA,NA,NA,NA,NA,NA,NA,NA,NA,1648115840,0,0,0,0,0,0,0,0,0,0,0,0,0,0,0,0,0,0,0,24,0.0983606557377049,2.353,-0.142,2.495,-0.38462,-0.22093,0.30769,0.38953,0,0,0,0,10993.68,11159.25,11183.4,11099.8
"United States of America",China,1981,2,710,2,111,USA,USA,710,924,CHN,CHN,NA,NA,NA,NA,NA,NA,NA,6,NA,1269.33333333333,15895,9.66666666666667,NA,NA,NA,NA,NA,NA,NA,NA,NA,NA,NA,2330153984,0,0,0,0,0,0,0,0,0,0,0,0,0,0,0,0,0,0,0,25,0.0988142292490119,2.69,-0.077,2.767,-0.50649,-0.32759,0.24675,0.33621,0,0,0,0,10993.68,11159.25,11183.4,11099.8
"United States of America",China,1982,2,710,2,111,USA,USA,710,924,CHN,CHN,NA,NA,NA,NA,NA,NA,NA,NA,NA,1269.33333333333,15895,9.66666666666667,NA,NA,NA,NA,NA,NA,NA,NA,NA,NA,NA,2464155392,0,0,0,0,0,0,0,0,0,0,0,0,0,0,0,0,0,0,0,26,0.102766798418972,2.607,0.111,2.496,-0.57447,-0.37063,0.21277,0.31469,0,0,0,0,10993.68,11159.25,11183.4,11099.8
"United States of America",China,1983,2,710,2,111,USA,USA,710,924,CHN,CHN,NA,NA,NA,NA,NA,NA,NA,-7,NA,1269.33333333333,15895,9.66666666666667,NA,NA,NA,NA,NA,NA,NA,NA,NA,NA,NA,1816222848,0,0,0,0,0,0,0,0,0,0,0,0,0,0,0,0,0,0,0,27,0.104247104247104,2.608,0.135,2.473,-0.54545,-0.33824,0.22727,0.33088,0,0,0,0,10993.68,11159.25,11183.4,11099.8
"United States of America",China,1984,2,710,2,111,USA,USA,710,924,CHN,CHN,NA,NA,NA,NA,NA,NA,NA,7,NA,1269.33333333333,15895,9.66666666666667,NA,NA,NA,NA,NA,NA,NA,NA,NA,NA,NA,2884758528,0,0,0,0,0,0,0,0,0,0,0,0,0,0,0,0,0,0,0,30,0.111524163568773,2.78,0.117,2.663,-0.72043,-0.42857,0.13978,0.28571,0,0,0,0,10993.68,11159.25,11183.4,11099.8
"United States of America",China,1985,2,710,2,111,USA,USA,710,924,CHN,CHN,NA,NA,NA,NA,NA,NA,NA,8,NA,5439,4619.66666666667,3760.33333333333,NA,NA,NA,NA,NA,NA,NA,NA,NA,NA,NA,4051066112,0,0,0,0,0,0,0,0,0,0,0,0,0,0,0,0,0,0,0,32,0.116788321167883,2.769,0.101,2.668,-0.6,-0.36735,0.2,0.31633,0,0,0,0,10993.68,11159.25,11183.4,11099.8
"United States of America",China,1986,2,710,2,111,USA,USA,710,924,CHN,CHN,NA,NA,NA,NA,NA,NA,NA,10,NA,5439,4619.66666666667,3760.33333333333,NA,NA,NA,NA,NA,NA,NA,NA,NA,NA,NA,3218741760,0,0,0,0,0,0,0,0,0,0,0,0,0,0,0,0,0,0,0,34,0.121863799283154,2.88,0.099,2.781,-0.59223,-0.38514,0.20388,0.30743,0,0,0,0,10993.68,11159.25,11183.4,11099.8
"United States of America",China,1987,2,710,2,111,USA,USA,710,924,CHN,CHN,NA,NA,NA,NA,NA,NA,NA,58,NA,5439,4619.66666666667,3760.33333333333,NA,NA,NA,NA,NA,NA,NA,NA,NA,NA,NA,2959034112,0,0,0,0,0,0,0,0,0,0,0,0,0,0,0,0,0,0,0,36,0.125,2.961,0.118,2.843,-0.65909,-0.40741,0.17045,0.2963,0,0,0,0,10993.68,11159.25,11183.4,11099.8
"United States of America",China,1988,2,710,2,111,USA,USA,710,924,CHN,CHN,NA,NA,NA,NA,NA,NA,NA,-3,NA,5439,4619.66666666667,3760.33333333333,229,NA,NA,NA,NA,NA,NA,NA,NA,NA,NA,3728873728,0,0,0,0,0,0,0,0,0,0,0,0,0,0,0,0,0,0,0,37,0.128472222222222,2.922,-0.07,2.992,-0.78824,-0.512,0.10588,0.244,0,0,0,0,10993.68,11159.25,11183.4,11099.8
"United States of America",China,1989,2,710,2,111,USA,USA,710,924,CHN,CHN,NA,NA,NA,NA,NA,NA,436,87,NA,5439,4619.66666666667,3760.33333333333,368,NA,NA,NA,NA,NA,NA,NA,NA,NA,NA,4806013440,0,0,0,0,0,0,0,0,0,0,0,0,0,0,0,0,0,0,0,38,0.13013698630137,3.004,-0.147,3.151,-0.76923,-0.52727,0.11538,0.23636,0,0,0,0,10993.68,11159.25,11183.4,11099.8
"United States of America","United States of America",1990,2,2,2,111,USA,USA,2,111,USA,USA,NA,NA,NA,NA,NA,NA,NA,NA,NA,NA,NA,NA,NA,NA,NA,NA,NA,NA,NA,NA,NA,NA,NA,NA,NA,NA,NA,NA,NA,NA,NA,NA,NA,NA,NA,NA,NA,NA,NA,NA,NA,NA,NA,NA,NA,NA,NA,NA,NA,NA,NA,NA,0,0,0,0,1161.074,1161.074,1853.8,261.717
"United States of America",China,1990,2,710,2,111,USA,USA,710,924,CHN,CHN,NA,NA,NA,NA,NA,NA,354,124,773939,245016.583333333,108613.583333333,130631.166666667,1025,NA,NA,NA,NA,NA,NA,NA,NA,NA,NA,3711910912,0,0,0,0,0,0,0,0,0,0,0,0,0,0,0,0,0,0,0,40,0.133333333333333,2.936,-0.226,3.162,-0.625,-0.46988,0.1875,0.26506,0,0,0,0,10993.68,11159.25,11183.4,11099.8
"United States of America",China,1991,2,710,2,111,USA,USA,710,924,CHN,CHN,NA,NA,NA,NA,NA,NA,426,192,NA,245016.583333333,108613.583333333,130631.166666667,1355,NA,NA,NA,NA,NA,NA,NA,NA,NA,NA,4541948928,0,0,0,0,0,0,0,0,0,0,0,0,0,0,0,0,0,0,0,41,0.136212624584718,2.778,-0.321,3.099,-0.71429,-0.51471,0.14286,0.24265,0,0,0,0,10993.68,11159.25,11183.4,11099.8
"United States of America",China,1992,2,710,2,111,USA,USA,710,924,CHN,CHN,NA,NA,NA,NA,NA,NA,563,170,NA,245016.583333333,108613.583333333,130631.166666667,1606,NA,NA,NA,NA,NA,NA,NA,NA,NA,NA,5072526848,0,0,0,0,0,0,0,0,0,0,0,0,0,0,0,0,0,0,0,45,0.147058823529412,2.793,-0.629,3.422,-0.72549,-0.52113,0.13725,0.23944,0,0,0,0,10993.68,11159.25,11183.4,11099.8
"United States of America",China,1993,2,710,2,111,USA,USA,710,924,CHN,CHN,NA,NA,NA,NA,NA,NA,916,109,NA,245016.583333333,108613.583333333,130631.166666667,1852,NA,NA,NA,NA,NA,NA,NA,NA,NA,NA,7089494016,0,0,0,0,0,0,0,0,0,0,0,0,0,0,0,0,0,0,0,46,0.146964856230032,2.773,-1.059,3.832,-0.72093,-0.5,0.13953,0.25,0,0,0,0,10993.68,11159.25,11183.4,11099.8
"United States of America",China,1994,2,710,2,111,USA,USA,710,924,CHN,CHN,NA,NA,NA,NA,NA,NA,2557,244,NA,245016.583333333,108613.583333333,130631.166666667,2111,NA,NA,NA,NA,NA,NA,NA,NA,NA,NA,9132752896,0,0,0,0,0,0,0,0,0,0,0,0,1,1,3,0,0,0,0,49,0.149390243902439,2.736,-1.328,4.064,-0.48936,-0.34848,0.25532,0.32576,0,0,0,0,10993.68,11159.25,11183.4,11099.8
"United States of America","United States of America",1995,2,2,2,111,USA,USA,2,111,USA,USA,NA,NA,NA,NA,NA,NA,NA,NA,NA,NA,NA,NA,NA,NA,NA,NA,NA,NA,NA,NA,NA,NA,NA,NA,NA,NA,NA,NA,NA,NA,NA,NA,NA,NA,NA,NA,NA,NA,NA,NA,NA,NA,NA,NA,NA,NA,NA,NA,NA,NA,NA,NA,0,0,0,0,1161.074,1161.074,1853.8,261.717
"United States of America",China,1995,2,710,2,111,USA,USA,710,924,CHN,CHN,NA,NA,NA,NA,NA,NA,2765,329,1058487,191158.75,39686.1666666667,145527.083333333,2120,NA,NA,NA,NA,NA,NA,NA,NA,NA,NA,10216755200,0,0,0,0,0,0,0,0,0,0,0,0,1,1,3,0,0,0,0,49,0.148036253776435,2.979,-1.399,4.378,-0.63934,-0.5,0.18033,0.25,0,0,0,0,10993.68,11159.25,11183.4,11099.8
"United States of America",China,1996,2,710,2,111,USA,USA,710,924,CHN,CHN,NA,NA,NA,NA,NA,NA,3848,197,NA,191158.75,39686.1666666667,145527.083333333,2477,NA,NA,NA,NA,NA,NA,NA,NA,NA,NA,10369995776,0,0,0,0,0,0,0,0,0,0,0,0,1,1,3,0,0,0,0,50,0.150602409638554,3.06,-1.285,4.345,-0.5,-0.36842,0.25,0.31579,0,0,0,0,10993.68,11159.25,11183.4,11099.8
"United States of America",China,1997,2,710,2,111,USA,USA,710,924,CHN,CHN,NA,NA,NA,NA,NA,NA,5150,182,NA,191158.75,39686.1666666667,145527.083333333,3509,NA,NA,NA,NA,NA,NA,NA,NA,NA,NA,9950396416,0,0,0,0,0,0,0,0,0,0,0,0,0,0,0,0,0,0,0,51,0.153153153153153,2.98,-1.264,4.244,-0.56863,-0.4058,0.21569,0.2971,0,0,0,0,10993.68,11159.25,11183.4,11099.8
"United States of America",China,1998,2,710,2,111,USA,USA,710,924,CHN,CHN,NA,NA,NA,NA,NA,NA,6350,251,NA,191158.75,39686.1666666667,145527.083333333,5418,NA,NA,NA,NA,NA,NA,NA,NA,NA,NA,10263377920,0,0,0,0,0,0,0,0,0,0,0,0,0,0,0,0,0,0,0,51,0.149122807017544,2.936,-0.732,3.668,-0.63158,-0.38333,0.18421,0.30833,0,0,0,0,10993.68,11159.25,11183.4,11099.8
"United States of America",China,1999,2,710,2,111,USA,USA,710,924,CHN,CHN,NA,NA,NA,NA,NA,NA,9401,295,NA,191158.75,39686.1666666667,145527.083333333,7499,NA,NA,NA,NA,NA,NA,NA,NA,NA,NA,12045127680,0,0,0,0,0,0,0,0,0,0,0,0,1,1,3,0,0,0,0,51,0.152238805970149,2.762,-0.668,3.43,-0.72093,-0.44118,0.13953,0.27941,0,0,0,0,10993.68,11159.25,11183.4,11099.8
"United States of America","United States of America",2000,2,2,2,111,USA,USA,2,111,USA,USA,NA,NA,NA,NA,NA,NA,NA,NA,NA,NA,NA,NA,NA,NA,NA,44,0,NA,NA,NA,NA,NA,NA,NA,NA,NA,NA,NA,NA,NA,NA,NA,NA,NA,NA,NA,NA,NA,NA,NA,NA,NA,NA,NA,NA,NA,NA,NA,NA,NA,NA,NA,0,0,0,0,1161.074,1161.074,1853.8,261.717
"United States of America",China,2000,2,710,2,111,USA,USA,710,924,CHN,CHN,NA,NA,NA,NA,NA,NA,11140,277,1348465,627759.333333333,324842.888888889,294918.222222222,11148,11810,NA,54534,5541,45585,NA,NA,NA,566,932092,14789057536,0,0,0,0,0,0,0,0,0,0,0,0,1,1,3,0,0,0,0,51,0.152238805970149,2.701,-0.691,3.392,-0.6,-0.38806,0.2,0.30597,0,0,0,0,10993.68,11159.25,11183.4,11099.8
"United States of America","United States of America",2001,2,2,2,111,USA,USA,2,111,USA,USA,NA,NA,NA,NA,NA,NA,NA,NA,NA,NA,NA,NA,NA,NA,NA,38,0,NA,NA,NA,NA,NA,NA,NA,NA,NA,NA,NA,NA,NA,NA,NA,NA,NA,NA,NA,NA,NA,NA,NA,NA,NA,NA,NA,NA,NA,NA,NA,NA,NA,NA,NA,0,0,0,0,1161.074,1161.074,1853.8,261.717
"United States of America",China,2001,2,710,2,111,USA,USA,710,924,CHN,CHN,NA,NA,NA,NA,NA,NA,12081,535,NA,627759.333333333,324842.888888889,294918.222222222,17105,13359,NA,34423,8008,56267,NA,NA,NA,598,1063424,18214549504,0,0,0,0,0,0,0,0,0,0,0,0,1,3,4,0,0,0,0,51,0.155015197568389,2.677,-0.652,3.329,-0.74468,-0.50746,0.12766,0.24627,0,0,0,0,10993.68,11159.25,11183.4,11099.8
"United States of America","United States of America",2002,2,2,2,111,USA,USA,2,111,USA,USA,NA,NA,NA,NA,NA,NA,NA,NA,NA,NA,NA,NA,NA,NA,NA,42,0,NA,NA,NA,NA,NA,NA,NA,NA,NA,NA,NA,NA,NA,NA,NA,NA,NA,NA,NA,NA,NA,NA,NA,NA,NA,NA,NA,NA,NA,NA,NA,NA,NA,NA,NA,0,0,0,0,1161.074,1161.074,1853.8,261.717
"United States of America",China,2002,2,710,2,111,USA,USA,710,924,CHN,CHN,NA,NA,NA,NA,NA,NA,10570,385,NA,627759.333333333,324842.888888889,294918.222222222,23696,15587,NA,31987,10237,61082,NA,NA,NA,591,1081244,18182760448,0,0,0,0,0,0,0,0,0,0,0,0,NA,NA,NA,NA,0,0,0,51,0.151785714285714,2.736,-0.711,3.447,-0.74545,-0.55556,0.12727,0.22222,0,0,0,0,10993.68,11159.25,11183.4,11099.8
"United States of America","United States of America",2003,2,2,2,111,USA,USA,2,111,USA,USA,NA,NA,NA,NA,NA,NA,NA,NA,NA,NA,NA,NA,NA,NA,NA,37,0,NA,NA,NA,NA,NA,NA,NA,NA,NA,NA,NA,NA,NA,NA,NA,NA,NA,NA,NA,NA,NA,NA,NA,NA,NA,NA,NA,NA,NA,NA,NA,NA,NA,NA,NA,0,0,0,0,1161.074,1161.074,1853.8,261.717
"United States of America",China,2003,2,710,2,111,USA,USA,710,924,CHN,CHN,NA,NA,1273,-62,11261,284,11261,284,NA,627759.333333333,324842.888888889,294918.222222222,21300,12776,NA,23991,4906,40568,NA,NA,NA,658,1127711,20786626560,0,0,0,0,0,0,0,0,0,0,0,0,NA,NA,NA,NA,0,0,0,51,0.1513353115727,2.879,-0.889,3.768,-0.77049,-0.61333,0.11475,0.19333,0,0,0,0,10993.68,11159.25,11183.4,11099.8
"United States of America","United States of America",2004,2,2,2,111,USA,USA,2,111,USA,USA,NA,NA,NA,NA,NA,NA,NA,NA,NA,NA,NA,NA,NA,NA,NA,36,0,NA,NA,NA,NA,NA,NA,NA,NA,NA,NA,NA,NA,NA,NA,NA,NA,NA,NA,NA,NA,NA,NA,NA,NA,NA,NA,NA,NA,NA,NA,NA,NA,NA,NA,NA,0,0,0,0,1161.074,1161.074,1853.8,261.717
"United States of America",China,2004,2,710,2,111,USA,USA,710,924,CHN,CHN,NA,NA,4499,150,17616,435,17616,435,NA,627759.333333333,324842.888888889,294918.222222222,18957,10301,NA,27309,5627,55494,NA,NA,583325,825,1218362,24438224896,0,0,0,0,0,0,0,0,0,0,0,0,NA,NA,NA,NA,0,0,0,51,0.1513353115727,2.881,-0.841,3.722,-0.82759,-0.66197,0.08621,0.16901,0,0,0,0,10993.68,11159.25,11183.4,11099.8
"United States of America","United States of America",2005,2,2,2,111,USA,USA,2,111,USA,USA,NA,NA,NA,NA,NA,NA,NA,NA,NA,NA,NA,NA,NA,NA,NA,29,0,NA,NA,NA,NA,NA,NA,NA,NA,NA,NA,NA,NA,NA,NA,NA,NA,NA,NA,NA,NA,NA,NA,NA,NA,NA,NA,NA,NA,NA,NA,NA,NA,NA,NA,NA,0,0,0,0,1161.074,1161.074,1853.8,261.717
"United States of America",China,2005,2,710,2,111,USA,USA,710,924,CHN,CHN,NA,NA,1955,146,19016,574,19016,574,1607654,574038.444444444,302361.714285714,276158.777777778,26131,10005,NA,31708,7623,69933,NA,NA,561531,826,1202923,26946877440,0,0,0,0,0,0,0,0,0,0,0,0,NA,NA,NA,NA,0,0,0,51,0.153153153153153,3.002,-0.801,3.803,-0.83607,-0.70833,0.08197,0.14583,0,0,0,0,10993.68,11159.25,11183.4,11099.8
"United States of America","United States of America",2006,2,2,2,111,USA,USA,2,111,USA,USA,NA,NA,0,0,0,0,NA,NA,NA,NA,NA,NA,NA,NA,NA,57,0,NA,NA,NA,NA,NA,NA,NA,NA,NA,NA,NA,NA,NA,NA,NA,NA,NA,NA,NA,NA,NA,NA,NA,NA,NA,NA,NA,NA,NA,NA,NA,NA,NA,NA,NA,0,0,0,0,1161.074,1161.074,1853.8,261.717
"United States of America",China,2006,2,710,2,111,USA,USA,710,924,CHN,CHN,NA,NA,4226,315,26459,785,26459,785,NA,574038.444444444,302361.714285714,276158.777777778,41007,11151,NA,35387,9362,87307,NA,NA,647207,869,1357482,32242964480,0,0,0,0,0,0,0,0,0,0,0,0,NA,NA,NA,NA,0,0,0,NA,NA,2.976,-0.782,3.758,-0.83333,-0.68235,0.08333,0.15882,0,0,0,0,10993.68,11159.25,11183.4,11099.8
"United States of America","United States of America",2007,2,2,2,111,USA,USA,2,111,USA,USA,NA,NA,NA,NA,NA,NA,NA,NA,NA,NA,NA,NA,NA,NA,NA,41,NA,NA,NA,NA,NA,NA,NA,NA,NA,NA,NA,NA,NA,NA,NA,NA,NA,NA,NA,NA,NA,NA,NA,NA,NA,NA,NA,NA,NA,NA,NA,NA,NA,NA,NA,NA,0,0,0,0,1161.074,1161.074,1853.8,261.717
"United States of America",China,2007,2,710,2,111,USA,USA,710,924,CHN,CHN,NA,NA,5243,8,29710,584,29710,584,NA,574038.444444444,302361.714285714,276158.777777778,45194,8835,NA,33134,8781,76655,NA,NA,655404,975,1367772,34982842368,0,0,0,0,0,0,0,0,0,0,0,0,NA,NA,NA,NA,0,0,0,NA,NA,2.879,-0.593,3.472,-0.84127,-0.69737,0.07937,0.15132,0,0,0,0,10993.68,11159.25,11183.4,11099.8
"United States of America","United States of America",2008,2,2,2,111,USA,USA,2,111,USA,USA,NA,NA,NA,NA,NA,NA,NA,NA,NA,NA,NA,NA,NA,NA,NA,67,NA,NA,NA,NA,NA,NA,NA,NA,NA,NA,NA,NA,NA,NA,NA,NA,NA,NA,NA,NA,NA,NA,NA,NA,NA,NA,NA,NA,NA,NA,NA,NA,NA,NA,NA,NA,0,0,0,0,1161.074,1161.074,1853.8,261.717
"United States of America",China,2008,2,710,2,111,USA,USA,710,924,CHN,CHN,NA,NA,15971,500,53927,1105,53927,1105,NA,574038.444444444,302361.714285714,276158.777777778,47277,11964,NA,40017,9825,80271,NA,NA,627821,955,1339131,44454313984,0,0,0,0,0,0,0,0,0,0,0,0,NA,NA,NA,NA,NA,NA,NA,NA,NA,2.861,-0.537,3.398,-0.79661,-0.64789,0.10169,0.17606,0,0,0,0,10993.68,11159.25,11183.4,11099.8
"United States of America","United States of America",2009,2,2,2,111,USA,USA,2,111,USA,USA,NA,NA,NA,NA,NA,NA,NA,NA,NA,NA,NA,NA,NA,NA,NA,51,1,NA,NA,NA,NA,NA,NA,NA,NA,NA,NA,NA,NA,NA,NA,NA,NA,NA,NA,NA,NA,NA,NA,NA,NA,NA,NA,NA,NA,NA,NA,NA,NA,NA,NA,NA,0,0,0,0,1161.074,1161.074,1853.8,261.717
"United States of America",China,2009,2,710,2,111,USA,USA,710,924,CHN,CHN,55265.3,NA,-7512,500,54069,1624,54069,1624,NA,574038.444444444,302361.714285714,276158.777777778,51480,11916,NA,37130,10725,64238,NA,NA,662555,866,1425814,49923645440,0,0,0,0,0,0,0,0,0,0,0,0,NA,NA,NA,NA,NA,NA,NA,NA,NA,2.66,-0.581,3.241,-0.73585,-0.56522,0.13208,0.21739,0,0,0,0,10993.68,11159.25,11183.4,11099.8
"United States of America","United States of America",2010,2,2,2,111,USA,USA,2,111,USA,USA,NA,NA,NA,NA,NA,NA,NA,NA,NA,NA,NA,NA,NA,NA,NA,45,0,NA,NA,NA,NA,NA,NA,NA,NA,NA,NA,NA,NA,NA,NA,NA,NA,NA,NA,NA,NA,NA,NA,NA,NA,NA,NA,NA,NA,NA,NA,NA,NA,NA,NA,NA,0,0,0,0,1161.074,1161.074,1853.8,261.717
"United States of America",China,2010,2,710,2,111,USA,USA,710,924,CHN,CHN,63454.1908870032,NA,5420,1037,58996,3300,58996,3300,1922950,506882,248187,256274,54599,1553,NA,33969,12510,70863,NA,NA,791905,NA,1604373,65985724416,0,0,0,0,0,0,0,0,0,0,0,0,NA,NA,NA,NA,NA,NA,NA,NA,NA,2.608,-0.735,3.343,-0.72,-0.53846,0.14,0.23077,0,0,0,0,10993.68,11159.25,11183.4,11099.8
"United States of America","United States of America",2011,2,2,2,111,USA,USA,2,111,USA,USA,NA,NA,NA,NA,NA,NA,NA,NA,NA,NA,NA,NA,NA,NA,NA,45,1,NA,NA,NA,NA,NA,NA,NA,NA,NA,NA,NA,NA,NA,NA,NA,NA,NA,NA,NA,NA,NA,NA,NA,NA,NA,NA,NA,NA,NA,NA,NA,NA,NA,NA,NA,0,0,0,0,1161.074,1161.074,1853.8,261.717
"United States of America",China,2011,2,710,2,111,USA,USA,710,924,CHN,CHN,57750.6,NA,-1087,520,55304,3729,53661,3598,NA,506882,248187,256274,58352,3426,NA,32864,15649,87016,NA,NA,797147,NA,1651511,74375135232,0,0,0,0,0,0,0,0,0,0,0,0,NA,NA,NA,NA,NA,NA,NA,NA,NA,2.568,-0.68,3.248,-0.60784,-0.47692,0.19608,0.26154,0,0,0,0,10993.68,11159.25,11183.4,11099.8
"United States of America","United States of America",2012,2,2,2,111,USA,USA,2,111,USA,USA,NA,NA,NA,NA,NA,NA,NA,NA,NA,NA,NA,NA,NA,NA,NA,60,0,NA,NA,NA,NA,NA,NA,NA,NA,NA,NA,NA,NA,NA,NA,NA,NA,NA,NA,NA,NA,NA,NA,NA,NA,NA,NA,NA,NA,NA,NA,NA,NA,NA,NA,NA,0,0,0,0,1161.074,1161.074,1853.8,261.717
"United States of America",China,2012,2,710,2,111,USA,USA,710,924,CHN,CHN,62960.2324420763,NA,-3482,1370,51363,5154,54514,7076,NA,506882,248187,256274,60615,5403,NA,31868,15884,81784,NA,NA,861413,NA,1719819,81433894912,0,0,0,0,0,0,0,0,0,0,0,0,NA,NA,NA,NA,NA,NA,NA,NA,NA,2.612,-0.777,3.389,-0.70833,-0.5,0.14583,0.25,0,0,0,0,10993.68,11159.25,11183.4,11099.8
"United States of America","United States of America",2013,2,2,2,111,USA,USA,2,111,USA,USA,NA,NA,NA,NA,NA,NA,NA,NA,NA,NA,NA,NA,NA,NA,NA,NA,0,NA,NA,NA,NA,NA,NA,NA,NA,NA,NA,NA,NA,NA,NA,NA,NA,NA,NA,NA,NA,NA,NA,NA,NA,NA,NA,NA,NA,NA,NA,NA,NA,NA,NA,NA,0,0,0,0,1161.074,1161.074,1853.8,261.717
"United States of America",China,2013,2,710,2,111,USA,USA,710,924,CHN,CHN,76464.55858042,NA,NA,NA,NA,NA,60454,7855,NA,506882,248187,256274,65558,12398,NA,35387,12295,71798,NA,NA,868182,NA,1786116,94016733184,0,0,0,0,0,0,0,0,NA,NA,NA,NA,NA,NA,NA,NA,NA,NA,NA,NA,NA,2.179,-0.509,2.688,-0.38776,-0.29688,0.30612,0.35156,0,0,0,0,10993.68,11159.25,11183.4,11099.8
"United States of America","United States of America",2014,2,2,2,111,USA,USA,2,111,USA,USA,NA,NA,NA,NA,NA,NA,NA,NA,NA,NA,NA,NA,NA,NA,NA,NA,0,NA,NA,NA,NA,NA,NA,NA,NA,NA,NA,NA,NA,NA,NA,NA,NA,NA,NA,NA,NA,NA,NA,NA,NA,NA,NA,NA,NA,NA,NA,NA,NA,NA,NA,NA,0,0,0,0,1161.074,1161.074,1853.8,261.717
"United States of America",China,2014,2,710,2,111,USA,USA,710,924,CHN,CHN,70264.16420285,NA,NA,NA,NA,NA,73660,10071,NA,506882,248187,256274,71902,37242,0,30284,13716,76089,NA,NA,963628,NA,1929535,93673070592,0,0,0,0,0,0,0,0,NA,NA,NA,NA,NA,NA,NA,NA,NA,NA,NA,NA,NA,2.53,-0.654,3.184,-0.60714,-0.45946,0.19643,0.27027,0,0,0,0,10993.68,11159.25,11183.4,11099.8
"United States of America","United States of America",2015,2,2,2,111,USA,USA,2,111,USA,USA,NA,NA,NA,NA,NA,NA,NA,NA,NA,NA,NA,NA,NA,NA,NA,NA,0,NA,NA,NA,NA,NA,NA,NA,NA,NA,NA,NA,NA,NA,NA,NA,NA,NA,NA,NA,NA,NA,NA,NA,NA,NA,NA,NA,NA,NA,NA,NA,NA,NA,NA,NA,0,0,0,0,1161.074,1161.074,1853.8,261.717
"United States of America",China,2015,2,710,2,111,USA,USA,710,924,CHN,CHN,78489.56188174,NA,NA,NA,NA,NA,84525,16769,2345208,NA,NA,NA,74020,45500,0,31241,15083,74558,NA,NA,1079043,NA,2065431,NA,0,0,0,0,0,0,0,0,NA,NA,NA,NA,NA,NA,NA,NA,NA,NA,NA,NA,NA,NA,NA,NA,NA,NA,NA,NA,0,0,0,0,10993.68,11159.25,11183.4,11099.8
"United States of America","United States of America",2016,2,2,2,111,USA,USA,2,111,USA,USA,NA,NA,NA,NA,NA,NA,NA,NA,NA,NA,NA,NA,NA,NA,NA,NA,NA,NA,NA,NA,NA,NA,NA,NA,NA,NA,NA,NA,NA,NA,NA,NA,NA,NA,NA,NA,NA,NA,NA,NA,NA,NA,NA,NA,NA,NA,NA,NA,NA,NA,NA,NA,0,0,0,0,1161.074,1161.074,1853.8,261.717
"United States of America",China,2016,2,710,2,111,USA,USA,710,924,CHN,CHN,70119.60002441,NA,NA,NA,NA,NA,92481,27475,NA,NA,NA,NA,72507,57450,0,NA,NA,NA,NA,NA,NA,NA,NA,NA,NA,NA,0,0,0,0,0,0,NA,NA,NA,NA,NA,NA,NA,NA,NA,NA,NA,NA,NA,NA,NA,NA,NA,NA,NA,NA,0,0,0,0,10993.68,11159.25,11183.4,11099.8
"United States of America","United States of America",2017,2,2,2,111,USA,USA,2,111,USA,USA,NA,NA,NA,NA,NA,NA,NA,NA,NA,NA,NA,NA,NA,NA,NA,NA,NA,NA,NA,NA,NA,NA,NA,NA,NA,NA,NA,NA,NA,NA,NA,NA,NA,NA,NA,NA,NA,NA,NA,NA,NA,NA,NA,NA,NA,NA,NA,NA,NA,NA,NA,NA,0,0,0,0,1161.074,1161.074,1853.8,261.717
"United States of America",China,2017,2,710,2,111,USA,USA,710,924,CHN,CHN,NA,NA,NA,NA,NA,NA,NA,NA,2422998,NA,NA,NA,NA,NA,NA,NA,NA,NA,NA,NA,NA,NA,NA,NA,NA,NA,0,0,0,0,0,0,NA,NA,NA,NA,NA,NA,NA,NA,NA,NA,NA,NA,NA,NA,NA,NA,NA,NA,NA,NA,0,0,0,0,10993.68,11159.25,11183.4,11099.8
"United States of America",China,2018,2,710,2,111,USA,USA,710,924,CHN,CHN,NA,NA,NA,NA,NA,NA,NA,NA,NA,NA,NA,NA,NA,NA,NA,NA,NA,NA,NA,NA,NA,NA,NA,NA,NA,NA,NA,NA,NA,0,0,0,NA,NA,NA,NA,NA,NA,NA,NA,NA,NA,NA,NA,NA,NA,NA,NA,NA,NA,NA,NA,0,0,0,0,10993.68,11159.25,11183.4,11099.8
China,"United States of America",1945,710,2,710,924,CHN,CHN,2,111,USA,USA,NA,NA,NA,NA,NA,NA,NA,NA,NA,NA,NA,NA,NA,NA,NA,NA,NA,NA,NA,NA,NA,NA,NA,1488599.875,0,0,NA,NA,NA,NA,NA,NA,0,0,0,0,0,0,0,0,0,0,0,8,0.121212121212121,NA,NA,NA,NA,NA,NA,NA,0,0,0,0,10993.68,11159.25,11183.4,11099.8
China,"United States of America",1946,710,2,710,924,CHN,CHN,2,111,USA,USA,NA,NA,NA,NA,NA,NA,NA,NA,NA,NA,NA,NA,NA,NA,NA,NA,NA,NA,NA,NA,NA,NA,NA,23064000,0,0,NA,NA,NA,NA,NA,NA,0,0,0,0,0,0,0,0,0,0,0,NA,NA,NA,NA,NA,NA,NA,NA,NA,0,0,0,0,10993.68,11159.25,11183.4,11099.8
China,"United States of America",1947,710,2,710,924,CHN,CHN,2,111,USA,USA,NA,NA,NA,NA,NA,NA,NA,NA,NA,NA,NA,NA,NA,NA,NA,NA,NA,NA,NA,NA,NA,NA,NA,29039400,0,0,NA,NA,NA,NA,NA,NA,0,0,0,0,0,0,0,0,0,0,0,NA,NA,NA,NA,NA,NA,NA,NA,NA,0,0,0,0,10993.68,11159.25,11183.4,11099.8
China,"United States of America",1948,710,2,710,924,CHN,CHN,2,111,USA,USA,NA,NA,NA,NA,NA,NA,NA,NA,NA,NA,NA,NA,NA,NA,NA,NA,NA,NA,NA,NA,NA,NA,NA,29776680,0,0,0,0,0,NA,NA,NA,0,0,0,0,0,0,0,0,0,0,0,NA,NA,NA,NA,NA,NA,NA,NA,NA,0,0,0,0,10993.68,11159.25,11183.4,11099.8
China,"United States of America",1949,710,2,710,924,CHN,CHN,2,111,USA,USA,NA,NA,NA,NA,NA,NA,NA,NA,NA,NA,NA,NA,NA,NA,NA,NA,NA,NA,NA,NA,NA,NA,NA,28475522,0,0,0,0,0,NA,NA,NA,0,0,0,0,1,1,4,0,0,0,0,NA,NA,NA,NA,NA,NA,NA,NA,NA,0,0,0,0,10993.68,11159.25,11183.4,11099.8
China,"United States of America",1950,710,2,710,924,CHN,CHN,2,111,USA,USA,NA,NA,NA,NA,NA,NA,NA,NA,NA,NA,NA,NA,NA,NA,NA,NA,NA,NA,NA,NA,NA,NA,NA,52142880,0,0,0,0,0,NA,NA,NA,0,0,0,0,1,3,5,1,1,1,1,1,0.0105263157894737,NA,NA,NA,NA,NA,NA,NA,0,0,0,0,10993.68,11159.25,11183.4,11099.8
China,"United States of America",1951,710,2,710,924,CHN,CHN,2,111,USA,USA,NA,NA,NA,NA,NA,NA,NA,NA,NA,NA,NA,NA,NA,NA,NA,NA,NA,NA,NA,NA,NA,NA,NA,16071436,0,0,0,0,0,NA,NA,NA,0,0,0,0,1,2,5,1,1,1,1,NA,NA,NA,NA,NA,NA,NA,NA,NA,0,0,0,0,10993.68,11159.25,11183.4,11099.8
China,"United States of America",1952,710,2,710,924,CHN,CHN,2,111,USA,USA,NA,NA,NA,NA,NA,NA,NA,NA,NA,NA,NA,NA,NA,NA,NA,NA,NA,NA,NA,NA,NA,NA,NA,10000004,0,0,0,0,0,NA,NA,NA,0,0,0,0,1,2,5,1,1,1,1,NA,NA,NA,NA,NA,NA,NA,NA,NA,0,0,0,0,10993.68,11159.25,11183.4,11099.8
China,"United States of America",1953,710,2,710,924,CHN,CHN,2,111,USA,USA,NA,NA,NA,NA,NA,NA,NA,NA,NA,NA,NA,NA,NA,NA,NA,NA,NA,NA,NA,NA,NA,NA,NA,3928573.25,0,0,0,0,0,NA,NA,NA,0,0,0,0,1,3,5,1,1,1,1,NA,NA,NA,NA,NA,NA,NA,NA,NA,0,0,0,0,10993.68,11159.25,11183.4,11099.8
China,"United States of America",1954,710,2,710,924,CHN,CHN,2,111,USA,USA,NA,NA,NA,NA,NA,NA,NA,NA,NA,NA,NA,NA,NA,NA,NA,NA,NA,NA,NA,NA,NA,NA,NA,178571.5,0,0,0,0,0,NA,NA,NA,0,0,0,0,1,2,4,0,0,0,0,NA,NA,NA,NA,NA,NA,NA,NA,NA,0,0,0,0,10993.68,11159.25,11183.4,11099.8
China,"United States of America",1955,710,2,710,924,CHN,CHN,2,111,USA,USA,NA,NA,NA,NA,NA,NA,NA,NA,NA,NA,NA,NA,NA,NA,NA,NA,NA,NA,NA,NA,NA,NA,NA,178571.5,0,0,0,0,0,NA,NA,NA,0,0,0,0,1,2,4,0,0,0,0,2,0.018348623853211,NA,NA,NA,NA,NA,NA,NA,0,0,0,0,10993.68,11159.25,11183.4,11099.8
China,"United States of America",1956,710,2,710,924,CHN,CHN,2,111,USA,USA,NA,NA,NA,NA,NA,NA,NA,NA,NA,NA,NA,NA,NA,NA,NA,NA,NA,NA,NA,NA,NA,NA,NA,178571.5,0,0,0,0,0,NA,NA,NA,0,0,0,0,1,2,4,0,0,0,0,NA,NA,NA,NA,NA,NA,NA,NA,NA,0,0,0,0,10993.68,11159.25,11183.4,11099.8
China,"United States of America",1957,710,2,710,924,CHN,CHN,2,111,USA,USA,NA,NA,NA,NA,NA,NA,NA,NA,NA,NA,NA,NA,NA,NA,NA,NA,NA,NA,NA,NA,NA,NA,NA,178571.5,0,0,0,0,0,NA,NA,NA,0,0,0,0,1,1,4,0,0,0,0,NA,NA,NA,NA,NA,NA,NA,NA,NA,0,0,0,0,10993.68,11159.25,11183.4,11099.8
China,"United States of America",1958,710,2,710,924,CHN,CHN,2,111,USA,USA,NA,NA,NA,NA,NA,NA,NA,NA,NA,NA,NA,NA,NA,NA,NA,NA,NA,NA,NA,NA,NA,NA,NA,178571.5,0,0,0,0,0,NA,NA,NA,0,0,0,0,1,1,4,0,0,0,0,NA,NA,NA,NA,NA,NA,NA,NA,NA,0,0,0,0,10993.68,11159.25,11183.4,11099.8
China,"United States of America",1959,710,2,710,924,CHN,CHN,2,111,USA,USA,NA,NA,NA,NA,NA,NA,NA,NA,NA,NA,NA,NA,NA,NA,NA,NA,NA,NA,NA,NA,NA,NA,NA,178571.5,0,0,0,0,0,0,0,0,0,0,0,0,0,0,0,0,0,0,0,NA,NA,NA,NA,NA,NA,NA,NA,NA,0,0,0,0,10993.68,11159.25,11183.4,11099.8
China,"United States of America",1960,710,2,710,924,CHN,CHN,2,111,USA,USA,NA,NA,NA,NA,NA,NA,NA,NA,NA,0,0,0,NA,NA,NA,NA,NA,NA,NA,NA,NA,NA,NA,178571.5,0,0,0,0,0,0,0,0,0,0,0,0,1,1,3,0,0,0,0,11,0.0797101449275362,NA,NA,NA,NA,NA,NA,NA,0,0,0,0,10993.68,11159.25,11183.4,11099.8
China,"United States of America",1961,710,2,710,924,CHN,CHN,2,111,USA,USA,NA,NA,NA,NA,NA,NA,NA,NA,NA,0,0,0,NA,NA,NA,NA,NA,NA,NA,NA,NA,NA,NA,178571.5,0,0,0,0,0,0,0,0,0,0,0,0,1,1,3,0,0,0,0,NA,NA,NA,NA,NA,NA,NA,NA,NA,0,0,0,0,10993.68,11159.25,11183.4,11099.8
China,"United States of America",1962,710,2,710,924,CHN,CHN,2,111,USA,USA,NA,NA,NA,NA,NA,NA,NA,NA,NA,0,0,0,NA,NA,NA,NA,NA,NA,NA,NA,NA,NA,NA,178571.5,0,0,0,0,0,0,0,0,0,1,0,0,1,3,4,0,0,0,0,NA,NA,NA,NA,NA,NA,NA,NA,NA,0,0,0,0,10993.68,11159.25,11183.4,11099.8
China,"United States of America",1963,710,2,710,924,CHN,CHN,2,111,USA,USA,NA,NA,NA,NA,NA,NA,NA,NA,NA,0,0,0,NA,NA,NA,NA,NA,NA,NA,NA,NA,NA,NA,178571.5,0,0,0,0,0,0,0,0,0,1,0,0,1,1,3,0,0,0,0,NA,NA,NA,NA,NA,NA,NA,NA,NA,0,0,0,0,10993.68,11159.25,11183.4,11099.8
China,"United States of America",1964,710,2,710,924,CHN,CHN,2,111,USA,USA,NA,NA,NA,NA,NA,NA,NA,NA,NA,0,0,0,NA,NA,NA,NA,NA,NA,NA,NA,NA,NA,NA,357143,0,0,0,0,0,0,0,0,0,1,0,0,1,2,4,0,0,0,0,NA,NA,NA,NA,NA,NA,NA,NA,NA,0,0,0,0,10993.68,11159.25,11183.4,11099.8
China,"United States of America",1965,710,2,710,924,CHN,CHN,2,111,USA,USA,NA,NA,NA,NA,NA,NA,NA,NA,NA,0.333333333333333,8.33333333333333,0,NA,NA,NA,NA,NA,NA,NA,NA,NA,NA,NA,357143,0,0,0,0,0,0,0,0,0,0,0,0,1,4,4,0,0,0,0,16,0.096969696969697,NA,NA,NA,NA,NA,NA,NA,0,0,0,0,10993.68,11159.25,11183.4,11099.8
China,"United States of America",1966,710,2,710,924,CHN,CHN,2,111,USA,USA,NA,NA,NA,NA,NA,NA,NA,NA,NA,0.333333333333333,8.33333333333333,0,NA,NA,NA,NA,NA,NA,NA,NA,NA,NA,NA,178571.5,0,0,0,0,0,0,0,0,0,0,0,0,1,3,4,0,0,0,0,16,0.0975609756097561,NA,NA,NA,NA,NA,NA,NA,0,0,0,0,10993.68,11159.25,11183.4,11099.8
China,"United States of America",1967,710,2,710,924,CHN,CHN,2,111,USA,USA,NA,NA,NA,NA,NA,NA,NA,NA,NA,0.333333333333333,8.33333333333333,0,NA,NA,NA,NA,NA,NA,NA,NA,NA,NA,NA,181051.5,0,0,0,0,0,0,0,0,0,0,0,0,1,2,4,0,0,0,0,16,0.0963855421686747,NA,NA,NA,NA,NA,NA,NA,0,0,0,0,10993.68,11159.25,11183.4,11099.8
China,"United States of America",1968,710,2,710,924,CHN,CHN,2,111,USA,USA,NA,NA,NA,NA,NA,NA,NA,NA,NA,0.333333333333333,8.33333333333333,0,NA,NA,NA,NA,NA,NA,NA,NA,NA,NA,NA,208333.5,0,0,0,0,0,0,0,0,0,0,0,0,1,1,4,0,0,0,0,15,0.0887573964497041,NA,NA,NA,NA,NA,NA,NA,0,0,0,0,10993.68,11159.25,11183.4,11099.8
China,"United States of America",1969,710,2,710,924,CHN,CHN,2,111,USA,USA,NA,NA,NA,NA,NA,NA,NA,NA,NA,0.333333333333333,8.33333333333333,0,NA,NA,NA,NA,NA,NA,NA,NA,NA,NA,NA,208333.5,0,0,0,0,0,0,0,0,0,0,0,0,1,2,4,0,0,0,0,15,0.0847457627118644,NA,NA,NA,NA,NA,NA,NA,0,0,0,0,10993.68,11159.25,11183.4,11099.8
China,"United States of America",1970,710,2,710,924,CHN,CHN,2,111,USA,USA,NA,NA,NA,NA,NA,NA,NA,NA,NA,0,9.33333333333333,0,NA,NA,NA,NA,NA,NA,NA,NA,NA,NA,NA,208333.5,0,0,0,0,0,0,0,0,0,0,0,0,1,1,4,0,0,0,0,15,0.0815217391304348,NA,NA,NA,NA,NA,NA,NA,0,0,0,0,10993.68,11159.25,11183.4,11099.8
China,"United States of America",1971,710,2,710,924,CHN,CHN,2,111,USA,USA,NA,NA,NA,NA,NA,NA,NA,NA,NA,0,9.33333333333333,0,NA,NA,NA,NA,NA,NA,NA,NA,NA,NA,NA,2054600,0,0,0,0,0,0,0,0,0,0,0,0,1,2,4,0,0,0,0,15,0.0793650793650794,-0.928,1.805,2.733,-0.03704,0,0.48148,0.5,0,0,0,0,10993.68,11159.25,11183.4,11099.8
China,"United States of America",1972,710,2,710,924,CHN,CHN,2,111,USA,USA,NA,NA,NA,NA,NA,NA,NA,NA,NA,0,9.33333333333333,0,NA,NA,NA,NA,NA,NA,NA,NA,NA,NA,NA,14093728,0,0,0,0,0,0,0,0,0,0,0,0,1,1,4,0,0,0,0,15,0.077319587628866,-0.823,2.048,2.871,-0.02326,0.0122,0.48837,0.5061,0,0,0,0,10993.68,11159.25,11183.4,11099.8
China,"United States of America",1973,710,2,710,924,CHN,CHN,2,111,USA,USA,NA,NA,NA,NA,NA,NA,NA,NA,NA,0,9.33333333333333,0,NA,NA,NA,NA,NA,NA,NA,NA,NA,NA,NA,27837262,0,0,0,0,0,0,0,0,0,0,0,0,0,0,0,0,0,0,0,15,0.0742574257425743,-0.733,2.215,2.948,-0.33333,-0.16438,0.33333,0.41781,0,0,0,0,10993.68,11159.25,11183.4,11099.8
China,"United States of America",1974,710,2,710,924,CHN,CHN,2,111,USA,USA,NA,NA,NA,NA,NA,NA,NA,NA,NA,0,9.33333333333333,0,NA,NA,NA,NA,NA,NA,NA,NA,NA,NA,NA,52656764,0,0,0,0,0,0,0,0,0,0,0,0,0,0,0,0,0,0,0,16,0.0761904761904762,-0.805,2.047,2.852,-0.4375,-0.22414,0.28125,0.38793,0,0,0,0,10993.68,11159.25,11183.4,11099.8
China,"United States of America",1975,710,2,710,924,CHN,CHN,2,111,USA,USA,NA,NA,NA,NA,NA,NA,NA,NA,NA,0,7018.66666666667,0,NA,NA,NA,NA,NA,NA,NA,NA,NA,NA,NA,77299008,0,0,0,0,0,0,0,0,0,0,0,0,0,0,0,0,0,0,0,16,0.073394495412844,-0.506,2.172,2.678,-0.33333,-0.16327,0.33333,0.41837,0,0,0,0,10993.68,11159.25,11183.4,11099.8
China,"United States of America",1976,710,2,710,924,CHN,CHN,2,111,USA,USA,NA,NA,NA,NA,NA,NA,NA,NA,NA,0,7018.66666666667,0,NA,NA,NA,NA,NA,NA,NA,NA,NA,NA,NA,123823472,0,0,0,0,0,0,0,0,0,0,0,0,0,0,0,0,0,0,0,16,0.0714285714285714,-0.919,2.402,3.321,-0.51515,-0.25,0.24242,0.375,0,0,0,0,10993.68,11159.25,11183.4,11099.8
China,"United States of America",1977,710,2,710,924,CHN,CHN,2,111,USA,USA,NA,NA,NA,NA,NA,NA,NA,NA,NA,0,7018.66666666667,0,NA,NA,NA,NA,NA,NA,NA,NA,NA,NA,NA,128642232,0,0,0,0,0,0,0,0,0,0,0,0,0,0,0,0,0,0,0,18,0.0775862068965517,-0.877,2.236,3.113,0.10526,0.05882,0.55263,0.52941,0,0,0,0,10993.68,11159.25,11183.4,11099.8
China,"United States of America",1978,710,2,710,924,CHN,CHN,2,111,USA,USA,NA,NA,NA,NA,NA,NA,NA,NA,NA,0,7018.66666666667,0,NA,NA,NA,NA,NA,NA,NA,NA,NA,NA,NA,186333728,0,0,0,0,0,0,0,0,0,0,0,0,0,0,0,0,0,0,0,17,0.0732758620689655,-0.535,2.234,2.769,0,0.01124,0.5,0.50562,0,0,0,0,10993.68,11159.25,11183.4,11099.8
China,"United States of America",1979,710,2,710,924,CHN,CHN,2,111,USA,USA,NA,NA,NA,NA,NA,NA,NA,NA,NA,0,7018.66666666667,0,NA,NA,NA,NA,NA,NA,NA,NA,NA,NA,NA,309939616,0,0,0,0,0,0,0,0,0,0,0,0,0,0,0,0,0,0,0,19,0.0794979079497908,-0.24,2.3,2.54,-0.31148,-0.18182,0.34426,0.40909,0,0,0,0,10993.68,11159.25,11183.4,11099.8
China,"United States of America",1980,710,2,710,924,CHN,CHN,2,111,USA,USA,NA,NA,NA,NA,NA,NA,NA,NA,NA,1599,683.333333333333,854.666666666667,NA,NA,NA,NA,NA,NA,NA,NA,NA,NA,NA,501035488,0,0,0,0,0,0,0,0,0,0,0,0,0,0,0,0,0,0,0,24,0.0983606557377049,-0.142,2.353,2.495,-0.38462,-0.22093,0.30769,0.38953,0,0,0,0,10993.68,11159.25,11183.4,11099.8
China,"United States of America",1981,710,2,710,924,CHN,CHN,2,111,USA,USA,NA,NA,NA,NA,NA,NA,NA,NA,NA,1599,683.333333333333,854.666666666667,NA,NA,NA,NA,NA,NA,NA,NA,NA,NA,NA,1026334784,0,0,0,0,0,0,0,0,0,0,0,0,0,0,0,0,0,0,0,25,0.0988142292490119,-0.077,2.69,2.767,-0.50649,-0.32759,0.24675,0.33621,0,0,0,0,10993.68,11159.25,11183.4,11099.8
China,"United States of America",1982,710,2,710,924,CHN,CHN,2,111,USA,USA,NA,NA,NA,NA,NA,NA,NA,NA,NA,1599,683.333333333333,854.666666666667,NA,NA,NA,NA,NA,NA,NA,NA,NA,NA,NA,1432491392,0,0,0,0,0,0,0,0,0,0,0,0,0,0,0,0,0,0,0,26,0.102766798418972,0.111,2.607,2.496,-0.57447,-0.37063,0.21277,0.31469,0,0,0,0,10993.68,11159.25,11183.4,11099.8
China,"United States of America",1983,710,2,710,924,CHN,CHN,2,111,USA,USA,NA,NA,NA,NA,NA,NA,NA,NA,NA,1599,683.333333333333,854.666666666667,NA,NA,NA,NA,NA,NA,NA,NA,NA,NA,NA,1634006912,0,0,0,0,0,0,0,0,0,0,0,0,0,0,0,0,0,0,0,27,0.104247104247104,0.135,2.608,2.473,-0.54545,-0.33824,0.22727,0.33088,0,0,0,0,10993.68,11159.25,11183.4,11099.8
China,"United States of America",1984,710,2,710,924,CHN,CHN,2,111,USA,USA,NA,NA,NA,NA,NA,NA,NA,NA,NA,1599,683.333333333333,854.666666666667,NA,NA,NA,NA,NA,NA,NA,NA,NA,NA,NA,2542160128,0,0,0,0,0,0,0,0,0,0,0,0,0,0,0,0,0,0,0,30,0.111524163568773,0.117,2.78,2.663,-0.72043,-0.42857,0.13978,0.28571,0,0,0,0,10993.68,11159.25,11183.4,11099.8
China,"United States of America",1985,710,2,710,924,CHN,CHN,2,111,USA,USA,NA,NA,NA,NA,NA,NA,NA,NA,NA,3555,1977.33333333333,1286.33333333333,NA,NA,NA,NA,NA,NA,NA,NA,NA,NA,NA,3291690752,0,0,0,0,0,0,0,0,0,0,0,0,0,0,0,0,0,0,0,32,0.116788321167883,0.101,2.769,2.668,-0.6,-0.36735,0.2,0.31633,0,0,0,0,10993.68,11159.25,11183.4,11099.8
China,"United States of America",1986,710,2,710,924,CHN,CHN,2,111,USA,USA,NA,NA,NA,NA,NA,NA,NA,NA,NA,3555,1977.33333333333,1286.33333333333,NA,NA,NA,NA,NA,NA,NA,NA,NA,NA,NA,3575121408,0,0,0,0,0,0,0,0,0,0,0,0,0,0,0,0,0,0,0,34,0.121863799283154,0.099,2.88,2.781,-0.59223,-0.38514,0.20388,0.30743,0,0,0,0,10993.68,11159.25,11183.4,11099.8
China,"United States of America",1987,710,2,710,924,CHN,CHN,2,111,USA,USA,NA,NA,NA,NA,NA,NA,NA,NA,NA,3555,1977.33333333333,1286.33333333333,NA,NA,NA,NA,NA,NA,NA,NA,NA,NA,NA,4228660224,0,0,0,0,0,0,0,0,0,0,0,0,0,0,0,0,0,0,0,36,0.125,0.118,2.961,2.843,-0.65909,-0.40741,0.17045,0.2963,0,0,0,0,10993.68,11159.25,11183.4,11099.8
China,"United States of America",1988,710,2,710,924,CHN,CHN,2,111,USA,USA,NA,NA,NA,NA,NA,NA,NA,NA,NA,3555,1977.33333333333,1286.33333333333,NA,NA,NA,NA,NA,NA,NA,NA,NA,NA,NA,5206425088,0,0,0,0,0,0,0,0,0,0,0,0,0,0,0,0,0,0,0,37,0.128472222222222,-0.07,2.922,2.992,-0.78824,-0.512,0.10588,0.244,0,0,0,0,10993.68,11159.25,11183.4,11099.8
China,"United States of America",1989,710,2,710,924,CHN,CHN,2,111,USA,USA,NA,NA,NA,NA,NA,NA,NA,NA,NA,3555,1977.33333333333,1286.33333333333,NA,NA,NA,NA,NA,NA,NA,NA,NA,NA,NA,7884742656,0,0,0,0,0,0,0,0,0,0,0,0,0,0,0,0,0,0,0,38,0.13013698630137,-0.147,3.004,3.151,-0.76923,-0.52727,0.11538,0.23636,0,0,0,0,10993.68,11159.25,11183.4,11099.8
China,"United States of America",1990,710,2,710,924,CHN,CHN,2,111,USA,USA,NA,NA,NA,NA,NA,NA,NA,NA,16962,1026.58333333333,869.5,649.75,NA,NA,NA,NA,NA,NA,NA,NA,NA,NA,NA,9177419776,0,0,0,0,0,0,0,0,0,0,0,0,0,0,0,0,0,0,0,40,0.133333333333333,-0.226,2.936,3.162,-0.625,-0.46988,0.1875,0.26506,0,0,0,0,10993.68,11159.25,11183.4,11099.8
China,China,1990,710,710,710,924,CHN,CHN,710,924,CHN,CHN,NA,NA,NA,NA,NA,NA,NA,NA,NA,NA,NA,NA,NA,NA,NA,NA,NA,NA,NA,NA,NA,NA,NA,NA,NA,NA,NA,NA,NA,NA,NA,NA,NA,NA,NA,NA,NA,NA,NA,NA,NA,NA,NA,NA,NA,NA,NA,NA,NA,NA,NA,NA,0,0,0,0,1163.707,1163.707,1018.07,305.74
China,"United States of America",1991,710,2,710,924,CHN,CHN,2,111,USA,USA,NA,NA,NA,NA,NA,NA,NA,NA,NA,1026.58333333333,869.5,649.75,NA,NA,NA,NA,NA,NA,NA,NA,NA,NA,NA,11513296896,0,0,0,0,0,0,0,0,0,0,0,0,0,0,0,0,0,0,0,41,0.136212624584718,-0.321,2.778,3.099,-0.71429,-0.51471,0.14286,0.24265,0,0,0,0,10993.68,11159.25,11183.4,11099.8
China,"United States of America",1992,710,2,710,924,CHN,CHN,2,111,USA,USA,NA,NA,NA,NA,NA,NA,NA,NA,NA,1026.58333333333,869.5,649.75,NA,NA,NA,NA,NA,NA,NA,NA,NA,NA,NA,15618929664,0,0,0,0,0,0,0,0,0,0,0,0,0,0,0,0,0,0,0,45,0.147058823529412,-0.629,2.793,3.422,-0.72549,-0.52113,0.13725,0.23944,0,0,0,0,10993.68,11159.25,11183.4,11099.8
China,"United States of America",1993,710,2,710,924,CHN,CHN,2,111,USA,USA,NA,NA,NA,NA,NA,NA,NA,NA,NA,1026.58333333333,869.5,649.75,NA,NA,NA,NA,NA,NA,NA,NA,NA,NA,NA,22344826880,0,0,0,0,0,0,0,0,0,0,0,0,0,0,0,0,0,0,0,46,0.146964856230032,-1.059,2.773,3.832,-0.72093,-0.5,0.13953,0.25,0,0,0,0,10993.68,11159.25,11183.4,11099.8
China,"United States of America",1994,710,2,710,924,CHN,CHN,2,111,USA,USA,NA,NA,NA,NA,NA,NA,NA,NA,NA,1026.58333333333,869.5,649.75,NA,NA,NA,NA,NA,NA,NA,NA,NA,NA,NA,27027308544,0,0,0,0,0,0,0,0,0,0,0,0,1,1,3,0,0,0,0,49,0.149390243902439,-1.328,2.736,4.064,-0.48936,-0.34848,0.25532,0.32576,0,0,0,0,10993.68,11159.25,11183.4,11099.8
China,"United States of America",1995,710,2,710,924,CHN,CHN,2,111,USA,USA,NA,NA,NA,NA,NA,NA,NA,NA,18124,545.25,323.333333333333,51,NA,NA,NA,NA,NA,NA,NA,NA,NA,NA,NA,30746015744,0,0,0,0,0,0,0,0,0,0,0,0,1,1,3,0,0,0,0,49,0.148036253776435,-1.399,2.979,4.378,-0.63934,-0.5,0.18033,0.25,0,0,0,0,10993.68,11159.25,11183.4,11099.8
China,China,1995,710,710,710,924,CHN,CHN,710,924,CHN,CHN,NA,NA,NA,NA,NA,NA,NA,NA,NA,NA,NA,NA,NA,NA,NA,NA,NA,NA,NA,NA,NA,NA,NA,NA,NA,NA,NA,NA,NA,NA,NA,NA,NA,NA,NA,NA,NA,NA,NA,NA,NA,NA,NA,NA,NA,NA,NA,NA,NA,NA,NA,NA,0,0,0,0,1163.707,1163.707,1018.07,305.74
China,"United States of America",1996,710,2,710,924,CHN,CHN,2,111,USA,USA,NA,NA,NA,NA,NA,NA,NA,NA,NA,545.25,323.333333333333,51,NA,NA,NA,NA,NA,NA,NA,NA,NA,NA,NA,34873819136,0,0,0,0,0,0,0,0,0,0,0,0,1,1,3,0,0,0,0,50,0.150602409638554,-1.285,3.06,4.345,-0.5,-0.36842,0.25,0.31579,0,0,0,0,10993.68,11159.25,11183.4,11099.8
China,"United States of America",1997,710,2,710,924,CHN,CHN,2,111,USA,USA,NA,NA,NA,NA,NA,NA,NA,NA,NA,545.25,323.333333333333,51,NA,NA,NA,NA,NA,NA,NA,NA,NA,NA,NA,40212373504,0,0,0,0,0,0,0,0,0,0,0,0,0,0,0,0,0,0,0,51,0.153153153153153,-1.264,2.98,4.244,-0.56863,-0.4058,0.21569,0.2971,0,0,0,0,10993.68,11159.25,11183.4,11099.8
China,"United States of America",1998,710,2,710,924,CHN,CHN,2,111,USA,USA,NA,NA,NA,NA,NA,NA,NA,NA,NA,545.25,323.333333333333,51,NA,NA,NA,NA,NA,NA,NA,NA,NA,NA,NA,45352742912,0,0,0,0,0,0,0,0,0,0,0,0,0,0,0,0,0,0,0,51,0.149122807017544,-0.732,2.936,3.668,-0.63158,-0.38333,0.18421,0.30833,0,0,0,0,10993.68,11159.25,11183.4,11099.8
China,"United States of America",1999,710,2,710,924,CHN,CHN,2,111,USA,USA,NA,NA,NA,NA,NA,NA,NA,NA,NA,545.25,323.333333333333,51,NA,NA,NA,NA,NA,NA,NA,NA,NA,NA,NA,53449940992,0,0,0,0,0,0,0,0,0,0,0,0,1,1,3,0,0,0,0,51,0.152238805970149,-0.668,2.762,3.43,-0.72093,-0.44118,0.13953,0.27941,0,0,0,0,10993.68,11159.25,11183.4,11099.8
China,"United States of America",2000,710,2,710,924,CHN,CHN,2,111,USA,USA,NA,NA,NA,NA,NA,NA,NA,NA,19286,3599.55555555556,1595.33333333333,1803.55555555556,NA,NA,NA,NA,NA,NA,NA,NA,NA,NA,NA,70200786944,0,0,0,0,0,0,0,0,0,0,0,0,1,1,3,0,0,0,0,51,0.152238805970149,-0.691,2.701,3.392,-0.6,-0.38806,0.2,0.30597,0,0,0,0,10993.68,11159.25,11183.4,11099.8
China,China,2000,710,710,710,924,CHN,CHN,710,924,CHN,CHN,NA,NA,NA,NA,NA,NA,NA,NA,NA,NA,NA,NA,NA,NA,NA,NA,NA,NA,NA,NA,NA,NA,NA,NA,NA,NA,NA,NA,NA,NA,NA,NA,NA,NA,NA,NA,NA,NA,NA,NA,NA,NA,NA,NA,NA,NA,NA,NA,NA,NA,NA,NA,0,0,0,0,1163.707,1163.707,1018.07,305.74
China,"United States of America",2001,710,2,710,924,CHN,CHN,2,111,USA,USA,NA,NA,NA,NA,NA,NA,NA,NA,NA,3599.55555555556,1595.33333333333,1803.55555555556,NA,NA,NA,NA,NA,NA,NA,NA,NA,NA,NA,75989704704,0,0,0,0,0,0,0,0,0,0,0,0,1,3,4,0,0,0,0,51,0.155015197568389,-0.652,2.677,3.329,-0.74468,-0.50746,0.12766,0.24627,0,0,0,0,10993.68,11159.25,11183.4,11099.8
China,"United States of America",2002,710,2,710,924,CHN,CHN,2,111,USA,USA,NA,NA,NA,NA,NA,NA,NA,NA,NA,3599.55555555556,1595.33333333333,1803.55555555556,NA,NA,NA,NA,NA,NA,NA,NA,NA,NA,NA,89067593728,0,0,0,0,0,0,0,0,0,0,0,0,NA,NA,NA,NA,0,0,0,51,0.151785714285714,-0.711,2.736,3.447,-0.74545,-0.55556,0.12727,0.22222,0,0,0,0,10993.68,11159.25,11183.4,11099.8
China,"United States of America",2003,710,2,710,924,CHN,CHN,2,111,USA,USA,NA,NA,NA,NA,NA,NA,NA,NA,NA,3599.55555555556,1595.33333333333,1803.55555555556,NA,NA,NA,NA,NA,NA,NA,NA,NA,NA,NA,99989110784,0,0,0,0,0,0,0,0,0,0,0,0,NA,NA,NA,NA,0,0,0,51,0.1513353115727,-0.889,2.879,3.768,-0.77049,-0.61333,0.11475,0.19333,0,0,0,0,10993.68,11159.25,11183.4,11099.8
China,"United States of America",2004,710,2,710,924,CHN,CHN,2,111,USA,USA,NA,NA,NA,NA,NA,NA,NA,NA,NA,3599.55555555556,1595.33333333333,1803.55555555556,NA,NA,NA,NA,NA,NA,NA,NA,NA,NA,NA,114985091072,0,0,0,0,0,0,0,0,0,0,0,0,NA,NA,NA,NA,0,0,0,51,0.1513353115727,-0.841,2.881,3.722,-0.82759,-0.66197,0.08621,0.16901,0,0,0,0,10993.68,11159.25,11183.4,11099.8
China,"United States of America",2005,710,2,710,924,CHN,CHN,2,111,USA,USA,NA,NA,NA,NA,NA,NA,NA,NA,21277,4791.66666666667,2174,2288.11111111111,NA,NA,NA,NA,NA,NA,NA,NA,NA,NA,NA,142910373888,0,0,0,0,0,0,0,0,0,0,0,0,NA,NA,NA,NA,0,0,0,51,0.153153153153153,-0.801,3.002,3.803,-0.83607,-0.70833,0.08197,0.14583,0,0,0,0,10993.68,11159.25,11183.4,11099.8
China,China,2005,710,710,710,924,CHN,CHN,710,924,CHN,CHN,NA,NA,NA,NA,NA,NA,NA,NA,NA,NA,NA,NA,NA,NA,NA,NA,NA,NA,NA,NA,NA,NA,NA,NA,NA,NA,NA,NA,NA,NA,NA,NA,NA,NA,NA,NA,NA,NA,NA,NA,NA,NA,NA,NA,NA,NA,NA,NA,NA,NA,NA,NA,0,0,0,0,1163.707,1163.707,1018.07,305.74
China,"United States of America",2006,710,2,710,924,CHN,CHN,2,111,USA,USA,NA,NA,NA,NA,NA,NA,NA,NA,NA,4791.66666666667,2174,2288.11111111111,NA,NA,NA,NA,NA,NA,NA,NA,NA,NA,NA,166191808512,0,0,0,0,0,0,0,0,0,0,0,0,NA,NA,NA,NA,0,0,0,NA,NA,-0.782,2.976,3.758,-0.83333,-0.68235,0.08333,0.15882,0,0,0,0,10993.68,11159.25,11183.4,11099.8
China,"United States of America",2007,710,2,710,924,CHN,CHN,2,111,USA,USA,NA,NA,NA,NA,NA,NA,NA,NA,NA,4791.66666666667,2174,2288.11111111111,NA,NA,NA,NA,NA,NA,NA,NA,NA,NA,NA,169981460480,0,0,0,0,0,0,0,0,0,0,0,0,NA,NA,NA,NA,0,0,0,NA,NA,-0.593,2.879,3.472,-0.84127,-0.69737,0.07937,0.15132,0,0,0,0,10993.68,11159.25,11183.4,11099.8
China,"United States of America",2008,710,2,710,924,CHN,CHN,2,111,USA,USA,NA,NA,NA,NA,NA,NA,NA,NA,NA,4791.66666666667,2174,2288.11111111111,NA,NA,NA,NA,NA,NA,NA,NA,NA,NA,NA,193825423360,0,0,0,0,0,0,0,0,0,0,0,0,NA,NA,NA,NA,NA,NA,NA,NA,NA,-0.537,2.861,3.398,-0.79661,-0.64789,0.10169,0.17606,0,0,0,0,10993.68,11159.25,11183.4,11099.8
China,"United States of America",2009,710,2,710,924,CHN,CHN,2,111,USA,USA,1624,54069,NA,NA,NA,NA,NA,NA,NA,4791.66666666667,2174,2288.11111111111,NA,2,NA,NA,NA,NA,NA,NA,NA,NA,NA,198711164928,0,0,0,0,0,0,0,0,0,0,0,0,NA,NA,NA,NA,NA,NA,NA,NA,NA,-0.581,2.66,3.241,-0.73585,-0.56522,0.13208,0.21739,0,0,0,0,10993.68,11159.25,11183.4,11099.8
China,China,2009,710,710,710,924,CHN,CHN,710,924,CHN,CHN,NA,NA,NA,NA,NA,NA,NA,NA,NA,NA,NA,NA,NA,NA,NA,NA,NA,NA,NA,NA,NA,NA,NA,NA,NA,NA,NA,NA,NA,NA,NA,NA,NA,NA,NA,NA,NA,NA,NA,NA,NA,NA,NA,NA,NA,NA,NA,NA,NA,NA,NA,NA,0,0,0,0,1163.707,1163.707,1018.07,305.74
China,"United States of America",2010,710,2,710,924,CHN,CHN,2,111,USA,USA,3300,58996,NA,NA,NA,NA,NA,NA,23268,1593,780,320,NA,1,NA,NA,NA,NA,NA,NA,NA,NA,NA,247858561024,0,0,0,0,0,0,0,0,0,0,0,0,NA,NA,NA,NA,NA,NA,NA,NA,NA,-0.735,2.608,3.343,-0.72,-0.53846,0.14,0.23077,0,0,0,0,10993.68,11159.25,11183.4,11099.8
China,China,2010,710,710,710,924,CHN,CHN,710,924,CHN,CHN,NA,NA,NA,NA,NA,NA,NA,NA,NA,NA,NA,NA,NA,NA,NA,NA,NA,NA,NA,NA,NA,NA,NA,NA,NA,NA,NA,NA,NA,NA,NA,NA,NA,NA,NA,NA,NA,NA,NA,NA,NA,NA,NA,NA,NA,NA,NA,NA,NA,NA,NA,NA,0,0,0,0,1163.707,1163.707,1018.07,305.74
China,"United States of America",2011,710,2,710,924,CHN,CHN,2,111,USA,USA,3598,53661,NA,NA,NA,NA,NA,NA,NA,1593,780,320,NA,NA,NA,NA,NA,NA,NA,NA,NA,NA,NA,249263816704,0,0,0,0,0,0,0,0,0,0,0,0,NA,NA,NA,NA,NA,NA,NA,NA,NA,-0.68,2.568,3.248,-0.60784,-0.47692,0.19608,0.26154,0,0,0,0,10993.68,11159.25,11183.4,11099.8
China,China,2011,710,710,710,924,CHN,CHN,710,924,CHN,CHN,NA,NA,NA,NA,NA,NA,NA,NA,NA,NA,NA,NA,NA,NA,NA,NA,NA,NA,NA,NA,NA,NA,NA,NA,NA,NA,NA,NA,NA,NA,NA,NA,NA,NA,NA,NA,NA,NA,NA,NA,NA,NA,NA,NA,NA,NA,NA,NA,NA,NA,NA,NA,0,0,0,0,1163.707,1163.707,1018.07,305.74
China,"United States of America",2012,710,2,710,924,CHN,CHN,2,111,USA,USA,7076,54514,NA,NA,NA,NA,NA,NA,NA,1593,780,320,NA,NA,NA,NA,NA,NA,NA,NA,NA,NA,NA,269436829696,0,0,0,0,0,0,0,0,0,0,0,0,NA,NA,NA,NA,NA,NA,NA,NA,NA,-0.777,2.612,3.389,-0.70833,-0.5,0.14583,0.25,0,0,0,0,10993.68,11159.25,11183.4,11099.8
China,China,2012,710,710,710,924,CHN,CHN,710,924,CHN,CHN,NA,NA,NA,NA,NA,NA,NA,NA,NA,NA,NA,NA,NA,NA,NA,NA,NA,NA,NA,NA,NA,NA,NA,NA,NA,NA,NA,NA,NA,NA,NA,NA,NA,NA,NA,NA,NA,NA,NA,NA,NA,NA,NA,NA,NA,NA,NA,NA,NA,NA,NA,NA,0,0,0,0,1163.707,1163.707,1018.07,305.74
China,"United States of America",2013,710,2,710,924,CHN,CHN,2,111,USA,USA,7855,60454,NA,NA,NA,NA,NA,NA,NA,1593,780,320,NA,NA,NA,NA,NA,NA,NA,NA,NA,NA,NA,281728450560,0,0,0,0,0,0,0,0,NA,NA,NA,NA,NA,NA,NA,NA,NA,NA,NA,NA,NA,-0.509,2.179,2.688,-0.38776,-0.29688,0.30612,0.35156,0,0,0,0,10993.68,11159.25,11183.4,11099.8
China,China,2013,710,710,710,924,CHN,CHN,710,924,CHN,CHN,NA,NA,NA,NA,NA,NA,NA,NA,NA,NA,NA,NA,NA,NA,NA,NA,NA,NA,NA,NA,NA,NA,NA,NA,NA,NA,NA,NA,NA,NA,NA,NA,NA,NA,NA,NA,NA,NA,NA,NA,NA,NA,NA,NA,NA,NA,NA,NA,NA,NA,NA,NA,0,0,0,0,1163.707,1163.707,1018.07,305.74
China,"United States of America",2014,710,2,710,924,CHN,CHN,2,111,USA,USA,9853,67500,NA,NA,NA,NA,NA,NA,NA,1593,780,320,NA,NA,NA,NA,NA,NA,NA,NA,NA,NA,NA,283660386304,0,0,0,0,0,0,0,0,NA,NA,NA,NA,NA,NA,NA,NA,NA,NA,NA,NA,NA,-0.654,2.53,3.184,-0.60714,-0.45946,0.19643,0.27027,0,0,0,0,10993.68,11159.25,11183.4,11099.8
China,China,2014,710,710,710,924,CHN,CHN,710,924,CHN,CHN,NA,NA,NA,NA,NA,NA,NA,NA,NA,NA,NA,NA,NA,NA,NA,NA,NA,NA,NA,NA,NA,NA,NA,NA,NA,NA,NA,NA,NA,NA,NA,NA,NA,NA,NA,NA,NA,NA,NA,NA,NA,NA,NA,NA,NA,NA,NA,NA,NA,NA,NA,NA,0,0,0,0,1163.707,1163.707,1018.07,305.74
China,"United States of America",2015,710,2,710,924,CHN,CHN,2,111,USA,USA,14838,74560,NA,NA,NA,NA,NA,NA,26777,NA,NA,NA,NA,NA,NA,NA,NA,NA,NA,NA,NA,NA,NA,NA,0,0,0,0,0,0,0,0,NA,NA,NA,NA,NA,NA,NA,NA,NA,NA,NA,NA,NA,NA,NA,NA,NA,NA,NA,NA,0,0,0,0,10993.68,11159.25,11183.4,11099.8
China,China,2015,710,710,710,924,CHN,CHN,710,924,CHN,CHN,NA,NA,NA,NA,NA,NA,NA,NA,NA,NA,NA,NA,0,0,0,NA,NA,NA,NA,NA,NA,NA,NA,NA,NA,NA,NA,NA,NA,NA,NA,NA,NA,NA,NA,NA,NA,NA,NA,NA,NA,NA,NA,NA,NA,NA,NA,NA,NA,NA,NA,NA,0,0,0,0,1163.707,1163.707,1018.07,305.74
China,"United States of America",2016,710,2,710,924,CHN,CHN,2,111,USA,USA,27475,92481,NA,NA,NA,NA,NA,NA,NA,NA,NA,NA,NA,NA,NA,NA,NA,NA,NA,NA,NA,NA,NA,NA,NA,NA,0,0,0,0,0,0,NA,NA,NA,NA,NA,NA,NA,NA,NA,NA,NA,NA,NA,NA,NA,NA,NA,NA,NA,NA,0,0,0,0,10993.68,11159.25,11183.4,11099.8
China,China,2016,710,710,710,924,CHN,CHN,710,924,CHN,CHN,NA,NA,NA,NA,NA,NA,NA,NA,NA,NA,NA,NA,NA,NA,NA,NA,NA,NA,NA,NA,NA,NA,NA,NA,NA,NA,NA,NA,NA,NA,NA,NA,NA,NA,NA,NA,NA,NA,NA,NA,NA,NA,NA,NA,NA,NA,NA,NA,NA,NA,NA,NA,0,0,0,0,1163.707,1163.707,1018.07,305.74
China,"United States of America",2017,710,2,710,924,CHN,CHN,2,111,USA,USA,NA,NA,NA,NA,NA,NA,NA,NA,27365,NA,NA,NA,NA,NA,NA,NA,NA,NA,NA,NA,NA,NA,NA,NA,NA,NA,0,0,0,0,0,0,NA,NA,NA,NA,NA,NA,NA,NA,NA,NA,NA,NA,NA,NA,NA,NA,NA,NA,NA,NA,0,0,0,0,10993.68,11159.25,11183.4,11099.8
China,China,2017,710,710,710,924,CHN,CHN,710,924,CHN,CHN,NA,NA,NA,NA,NA,NA,NA,NA,NA,NA,NA,NA,NA,NA,NA,NA,NA,NA,NA,NA,NA,NA,NA,NA,NA,NA,NA,NA,NA,NA,NA,NA,NA,NA,NA,NA,NA,NA,NA,NA,NA,NA,NA,NA,NA,NA,NA,NA,NA,NA,NA,NA,0,0,0,0,1163.707,1163.707,1018.07,305.74
China,"United States of America",2018,710,2,710,924,CHN,CHN,2,111,USA,USA,NA,NA,NA,NA,NA,NA,NA,NA,NA,NA,NA,NA,NA,NA,NA,NA,NA,NA,NA,NA,NA,NA,NA,NA,NA,NA,NA,NA,NA,0,0,0,NA,NA,NA,NA,NA,NA,NA,NA,NA,NA,NA,NA,NA,NA,NA,NA,NA,NA,NA,NA,0,0,0,0,10993.68,11159.25,11183.4,11099.8
